OpenPrice,HighestPrice,LowestPrice,ClosePrice,Volume,High-Low,Close-Open,close-rsi %3,close-rsi %7,close-rsi %12,close-rsi %26,close-rsi %60,close-ma3,close-ma7,close-ma12,close-ma26,close-ma60,close-bias3,close-bias7,close-bias12,close-bias26,close-bias60,close-wma3,close-wma7,close-wma12,close-wma26,close-wma60,close-es0.0,close-es0.05,close-es0.1,close-es0.15,close-es0.2,close-es0.25,close-es0.3,close-es0.35,close-es0.4,close-es0.45,close-es0.5,close-es0.55,close-es0.6,close-es0.65,close-es0.7,close-es0.75,close-es0.8,close-es0.85,close-es0.9,close-es0.95,di,close-macd5,close-macd10,close-macd15,%K-4,%D-4,slow %D-4,%K-6,%D-6,slow %D-6,%K-8,%D-8,slow %D-8,%K-10,%D-10,slow %D-10,close-momentum5,close-momentum10,close-momentum15,volume_ma3,volume_ma7,volume_ma12,volume_ma26,volume_ma60,volume_ratio_3,volume_ratio_7,volume_ratio_12,volume_ratio_26,volume_ratio_60,Y
30.45,30.45,30.04,30.04,813,0.41,-0.41,40,45.94594595,57.54716981,42.71523179,51.32352941,30.08,30.09857143,30.08916667,30.32961538,30.51416667,-0.001329787,-0.001945987,-0.001634032,-0.00954893,-0.01553923,30.06333333,30.09607143,30.10282051,30.17980057,30.4131694,30.06,30.06409033,30.06832471,30.07265129,30.07702053,30.08138398,30.08569361,30.08990067,30.09395262,30.09778749,30.10132655,30.10447234,30.10713363,30.10933082,30.11149911,30.11522198,30.12480958,30.15041099,30.21294485,30.32413457,30.1425,30.1295,30.13075,30.09733333,0,40.27777778,51.8452381,0,45.8994709,40.24739025,0,40.04960317,32.25331064,0,32.58022308,29.42825984,-0.06,-0.03,-0.28,830.6666667,483.8571429,305.4166667,204.7307692,372.4333333,0.978731942,1.680248007,2.661937244,3.971068946,2.182941019,0
30.13,30.13,29.84,29.85,893,0.29,-0.28,0,35.38461538,58.65384615,40.47619048,51.47492625,29.98333333,30.07571429,30.08666667,30.30192308,30.515,-0.004446915,-0.007504869,-0.007866164,-0.014914006,-0.021792561,29.94833333,30.03392857,30.06602564,30.1442735,30.39139344,30.04,30.04120452,30.04283247,30.04489769,30.04740411,30.05034599,30.05370808,30.05746523,30.06158105,30.06600437,30.07066327,30.07545978,30.08028018,30.08506503,30.09004938,30.09641648,30.10784767,30.13384934,30.19565037,30.30992784,29.9175,30.0855,30.10725,30.0685,3.448275862,20.30651341,43.32067597,3.448275862,29.80751688,41.0373818,3.448275862,37.35563766,34.16766444,3.448275862,32.38451013,30.19479965,-0.33,-0.27,-0.05,841.6666667,602.4285714,370.5,237.7692308,378.3,1.060990099,1.482333412,2.41025641,3.755742478,2.360560402,1
29.85,30.07,29.84,30.07,847,0.23,0.22,0,37.09677419,48.76033058,38.38709677,50.36075036,29.98666667,30.06285714,30.08583333,30.27769231,30.5175,0.002779013,0.000237597,-0.000526272,-0.006859582,-0.014663718,29.99166667,30.0325,30.06346154,30.12709402,30.37680328,29.85,29.85956023,29.86928325,29.87923465,29.88948082,29.9000865,29.91111243,29.92261283,29.93463242,29.94720197,29.96033164,29.97400288,29.98816811,30.00279227,30.01803457,30.03481236,30.05627813,30.09127194,30.16108533,30.28693145,30.0125,30.054,30.09625,30.06966667,100,25.86206897,32.57389163,100,44.09323116,43.81150033,100,47.35563766,37.41014324,100,42.38451013,31.96133947,-0.07,-0.16,0.21,851,721.7142857,439.8333333,269.1923077,390.5,0.995299647,1.173594616,1.925729443,3.146449493,2.169014085,1
30.17,30.24,30.16,30.2,822,0.08,0.03,51.1627907,43.47826087,49.59349593,40.12539185,51.06685633,30.04,30.07714286,30.09666667,30.25115385,30.51916667,0.005326232,0.004084734,0.003433381,-0.001690972,-0.010457909,30.09833333,30.06678571,30.08102564,30.12133903,30.36639344,30.07,30.05947801,30.04992832,30.0413852,30.03389616,30.02752162,30.02233373,30.01841449,30.01585297,30.01474089,30.01516582,30.01720158,30.02090087,30.02631498,30.0336242,30.04360927,30.05902251,30.08808115,30.1519768,30.27608487,30.2,30.0685,30.09225,30.09233333,50,38.36206897,31.20210728,50,38.53767561,43.49502828,50,41.10563766,38.34793454,50,44.88451013,33.87073643,0.14,0.19,0.32,854,837.7142857,507,298.1923077,399.4,0.962529274,0.981241473,1.621301775,2.756610344,2.058087131,0
30.44,30.44,30.16,30.16,851,0.28,-0.28,64.81481481,56.57894737,54.81481481,38.97763578,50.71633238,30.14333333,30.07428571,30.1,30.21692308,30.51516667,0.000552914,0.002850086,0.001993355,-0.001883814,-0.011639021,30.15833333,30.0875,30.09076923,30.11458689,30.35461749,30.2,30.1929739,30.18499283,30.17620778,30.16677923,30.15688041,30.14670012,30.13644507,30.12634119,30.1166334,30.10758291,30.09946087,30.09254052,30.08710473,30.08353694,30.08270695,30.08721801,30.10486898,30.15677912,30.27228063,30.23,30.1005,30.1135,30.11683333,0,38.36206897,30.72318008,0,25.57471264,38.85756857,0,39.31992337,39.62054727,0,42.88451013,36.19592286,0.12,0,0.08,840,843.5714286,569,329.2692308,406.7,1.013095238,1.008806097,1.495606327,2.584511155,2.092451438,1
30.21,30.45,30.16,30.45,218,0.29,0.24,89.74358974,48.61111111,51.49253731,35.21594684,48.21428571,30.27,30.11857143,30.11833333,30.19615385,30.511,0.005946482,0.011004127,0.011012119,0.008406572,-0.001999279,30.31166667,30.18142857,30.14461538,30.13185185,30.35248087,30.16,30.1616487,30.16249928,30.16243117,30.16135585,30.1592201,30.15601004,30.15175578,30.14653647,30.14048503,30.13379145,30.12670348,30.11952431,30.11261808,30.10647586,30.10203022,30.1017744,30.11313863,30.15710121,30.2666666,30.3775,30.1475,30.1385,30.13633333,100,62.5,41.27155172,100,42.24137931,37.69233108,100,41.4032567,40.92057228,100,42.88451013,37.52110929,0.6,0.35,0.38,630.3333333,751.8571429,584.8333333,336.9230769,351.8833333,0.345848757,0.289948698,0.372755771,0.647031963,0.619523516,1
30.5,30.6,30.45,30.6,357,0.15,0.1,91.30434783,65.97938144,57.23684211,41.66666667,48.13710879,30.40333333,30.19571429,30.1675,30.18692308,30.511,0.006468589,0.013388844,0.014336621,0.013683969,0.002916981,30.47666667,30.30178571,30.21871795,30.16176638,30.35539891,30.45,30.43558243,30.42124993,30.40686468,30.39227117,30.37730503,30.36180301,30.34561452,30.32861459,30.31071826,30.29189573,30.27218691,30.25171459,30.23070175,30.2095331,30.18902266,30.17141952,30.16366784,30.18639109,30.27583327,30.5625,30.2765,30.181,30.16366667,100,62.5,50.43103448,100,58.90804598,39.86042693,100,44.18103448,41.35254174,100,51.4559387,39.81058144,0.53,0.42,0.48,475.3333333,685.8571429,609.3333333,350.0769231,356,0.751051893,0.520516559,0.585886214,1.019775873,1.002808989,0
30.6,30.63,30.5,30.6,422,0.13,0,91.66666667,75.96153846,70.34482759,46.2962963,50,30.55,30.27571429,30.20416667,30.18538462,30.5085,0.001636661,0.010711084,0.013105256,0.013735634,0.002999164,30.575,30.40285714,30.28525641,30.19236467,30.35831694,30.6,30.59177912,30.58212499,30.5710297,30.55845423,30.54432626,30.5285409,30.51096508,30.49144584,30.46982322,30.44594786,30.4197028,30.39102875,30.35995614,30.32667317,30.291767,30.25713562,30.22911766,30.22775198,30.2920416,30.5825,30.3905,30.22225,30.19433333,76.92307692,69.23076923,58.14820955,76.92307692,71.15384615,46.75148181,76.92307692,53.7964191,43.07089373,76.92307692,50.81491306,41.22761769,0.4,0.46,0.37,332.3333333,630,643.5,350.6538462,306.5666667,1.269809428,0.66984127,0.655788656,1.203466052,1.376535827,1
30.6,30.66,30.6,30.64,41,0.06,0.04,100,77.45098039,66.92307692,49.34210526,48.86535552,30.61333333,30.38857143,30.24916667,30.18769231,30.50716667,0.00087108,0.008273787,0.012920466,0.014983182,0.004354168,30.62,30.49392857,30.35230769,30.22603989,30.36262842,30.6,30.59958896,30.5982125,30.59565446,30.59169085,30.58608156,30.57856227,30.56883778,30.55657833,30.54142045,30.52297393,30.50083654,30.47461725,30.44397149,30.40867122,30.36882525,30.3257085,30.28475001,30.26497678,30.30743952,30.635,30.4775,30.273,30.22066667,66.66666667,85.8974359,70.03205128,66.66666667,65.5982906,50.33565838,66.66666667,62.12975243,45.83091238,66.66666667,49.70380195,42.25576505,0.48,0.58,0.63,273.3333333,508.2857143,646.0833333,344.8846154,304.2333333,0.15,0.080663294,0.063459306,0.118880339,0.134764983,1
30.64,30.83,30.64,30.82,71,0.19,0.18,100,95.40229885,71.09375,50.99337748,49.39577039,30.68666667,30.49571429,30.3025,30.20538462,30.50566667,0.004344992,0.010633813,0.017077799,0.020347875,0.010304097,30.72333333,30.60178571,30.44012821,30.27287749,30.37288525,30.64,30.63797945,30.63582125,30.63334817,30.63033817,30.62652039,30.62156868,30.61509322,30.60663133,30.5956392,30.58148697,30.5634601,30.54077035,30.51258147,30.47806985,30.43661894,30.3885668,30.33803751,30.3024791,30.32406755,30.7775,30.587,30.34375,30.27133333,94.73684211,84.58164642,75.55246289,94.73684211,73.05443095,56.08845094,94.73684211,73.54082321,50.35406058,94.73684211,59.17748616,44.91549136,0.37,0.78,0.66,178,397.4285714,584.5,338,249.0833333,0.398876404,0.178648454,0.121471343,0.210059172,0.285045166,0
30.82,30.83,30.7,30.79,232,0.13,-0.03,100,95.18072289,73.1884058,57.71812081,49.31921331,30.75,30.58,30.35666667,30.21807692,30.50216667,0.001300813,0.006867233,0.014274734,0.018926521,0.009436488,30.775,30.67535714,30.51512821,30.31618234,30.38220765,30.82,30.81089897,30.80158212,30.79200223,30.78206763,30.7716301,30.7604706,30.74828263,30.73465253,30.71903764,30.70074348,30.67890305,30.65246221,30.62017795,30.5806489,30.5324642,30.47485344,30.41033188,30.35423119,30.34886417,30.7775,30.667,30.40725,30.31466667,69.23076923,76.88933873,79.14979757,69.23076923,84.59289249,65.92481425,69.23076923,69.69466937,53.14643954,69.23076923,66.10056308,48.26752536,0.19,0.94,0.69,114.6666667,313.1428571,532.1666667,340.1153846,223.7833333,2.023255814,0.740875912,0.435953649,0.682121452,1.036717063,0
30.8,30.83,30.7,30.7,138,0.13,-0.1,88,90.4109589,73.72262774,55.67010309,48.39694656,30.77,30.65714286,30.41,30.23192308,30.49416667,-0.002274943,0.00139795,0.009536337,0.01548287,0.006749925,30.75,30.70535714,30.56794872,30.35188034,30.38869399,30.79,30.79104495,30.79115821,30.79030033,30.78841353,30.78540752,30.78114118,30.77539892,30.76786101,30.75806694,30.74537174,30.72889668,30.70747733,30.67961567,30.64345423,30.59684815,30.53788275,30.4672821,30.39780807,30.37092096,30.7325,30.701,30.48875,30.35433333,0,57.6585695,76.25674764,0,67.92622582,70.205622,0,63.44466937,55.9388185,0,65.75573549,51.60464789,0.1,0.63,0.52,147,211.2857143,475.4166667,345,221.9666667,0.93877551,0.653144016,0.290271691,0.4,0.621714972,1
30.77,30.77,30.71,30.71,24,0.06,-0.06,60,84.61538462,73.1884058,56.25,46.28482972,30.73333333,30.69428571,30.46583333,30.24692308,30.49216667,-0.000759219,0.000511961,0.008014442,0.015309885,0.007143911,30.72,30.71857143,30.61410256,30.38729345,30.39577049,30.7,30.70455225,30.70911582,30.71354505,30.71768271,30.72135188,30.72434235,30.72638962,30.72714441,30.72613012,30.72268587,30.71589317,30.7044864,30.68675019,30.66041796,30.62263611,30.5703062,30.50218979,30.42802727,30.38737491,30.725,30.7295,30.56,30.39133333,0,40.99190283,65.03036437,0,51.25955915,68.93087419,0,63.44466937,58.95441175,0,55.75573549,52.94177043,0.07,0.51,0.57,131.3333333,183.5714286,409.6666667,345,213.5833333,0.182741117,0.1307393,0.058584215,0.069565217,0.112368318,1
30.88,31,30.88,30.91,80,0.12,0.03,7.692307692,76,74.45255474,56.79442509,49.01960784,30.77333333,30.73857143,30.55416667,30.28576923,30.49233333,0.004441075,0.005576986,0.011645984,0.020611356,0.013697432,30.80833333,30.7725,30.6824359,30.43641026,30.40946995,30.71,30.70972761,30.70991158,30.71053176,30.71153654,30.71283797,30.71430271,30.71573637,30.71685776,30.71725856,30.71634294,30.71324125,30.70669184,30.69488762,30.67529257,30.64447709,30.59824496,30.53336132,30.45622454,30.40350617,30.925,30.7875,30.6325,30.4445,25,23.55769231,49.77437584,25,42.605713,64.172852,25,54.06966937,60.53771334,25,53.25573549,53.77889297,0.09,0.75,0.85,80.66666667,144,341.9166667,338.5769231,210.4333333,0.991735537,0.555555556,0.23397514,0.236283085,0.380167907,1
30.9,31.06,30.9,31.05,65,0.16,0.15,70,78.18181818,88.4057971,69.05660377,50.08,30.89,30.80285714,30.63583333,30.33153846,30.49566667,0.00517967,0.008023374,0.013519027,0.023686947,0.018177446,30.94666667,30.85035714,30.75871795,30.49301994,30.4277541,30.91,30.89998638,30.88999116,30.88007976,30.87030731,30.86070949,30.85129081,30.84200773,30.8327431,30.82326635,30.81317147,30.80178269,30.7880151,30.77017695,30.7457048,30.71085781,30.66059597,30.58985712,30.50160208,30.42883086,31.015,30.835,30.711,30.5075,93.75,29.6875,37.97391616,93.75,47.11960189,61.09307055,93.75,53.28841937,61.67613645,93.75,62.63073549,55.7535155,0.26,0.6,1.01,56.33333333,93,276.75,335.6153846,209.7333333,1.153846154,0.698924731,0.234869015,0.193674077,0.309917355,1
31.05,31.12,31.05,31.1,135,0.07,0.05,100,82.60869565,87.69230769,71.63636364,51.57728707,31.02,30.86857143,30.71083333,30.37846154,30.49783333,0.002578981,0.007497223,0.012671967,0.023751646,0.019744572,31.05166667,30.92464286,30.83012821,30.54994302,30.44756831,31.05,31.04249932,31.03399912,31.02451196,31.01406146,31.00267737,30.99038724,30.97720271,30.96309724,30.94796986,30.93158573,30.91348048,30.89280906,30.86811502,30.83699336,30.79564336,30.73847677,30.65887855,30.55644188,30.45988932,31.0925,30.898,30.7825,30.57083333,71.42857143,47.54464286,35.4454345,71.42857143,43.23489011,56.12314708,71.42857143,52.60160618,61.52678483,71.42857143,59.77359264,57.44242375,0.4,0.5,1.25,93.33333333,106.4285714,219.5,336.5,211.3666667,1.446428571,1.268456376,0.615034169,0.401188707,0.63870052,0
31.1,31.12,31.07,31.07,88,0.05,-0.03,100,82.85714286,86.8852459,71.94244604,51.03668262,31.07333333,30.90428571,30.78666667,30.41653846,30.49783333,-0.000107273,0.005362178,0.009203118,0.021483758,0.018760896,31.07666667,30.975,30.88538462,30.60116809,30.46632787,31.1,31.09712497,31.09339991,31.08867679,31.08281229,31.07566934,31.06711617,31.05702095,31.0452389,31.03158644,31.01579287,30.99741426,30.97568544,30.94927476,30.91589535,30.87173252,30.81078142,30.72504677,30.61079769,30.49189485,31.0825,30.968,30.8345,30.6485,0,47.54464286,37.08361951,0,31.69642857,47.30706976,0,44.26827285,59.29409988,0,49.77359264,57.27418915,0.36,0.47,1,96,108.8571429,155.9166667,339.3076923,208.5833333,0.916666667,0.80839895,0.564404062,0.259351621,0.421893728,1
31.3,31.35,31.16,31.16,38,0.19,-0.14,86.36363636,72.72727273,87.60330579,68.96551724,50,31.11,30.95714286,30.84583333,30.45846154,30.5015,0.0016072,0.006552838,0.01018506,0.02303263,0.021589102,31.12,31.03892857,30.94282051,30.65623932,30.48803825,31.07,31.07135625,31.07233999,31.07280152,31.07256246,31.07141734,31.06913485,31.06545733,31.06009556,31.0527139,31.04289643,31.03007784,31.01341126,30.9915286,30.96212675,30.92129939,30.86262514,30.77678975,30.65671792,30.52080011,31.2075,31.0645,30.897,30.72816667,0,41.29464286,41.51785714,0,31.69642857,41.26877022,0,32.42616758,54.15476793,0,42.08128494,56.40082634,0.25,0.52,0.96,87,81.14285714,140.9166667,340.1538462,208.1166667,0.436781609,0.468309859,0.269662921,0.111714156,0.182589893,1
31.16,31.31,31.16,31.25,160,0.15,0.09,82.35294118,80.32786885,85.14851485,70.26022305,51.78571429,31.16,31.03571429,30.9,30.50192308,30.50716667,0.002888318,0.006904488,0.011326861,0.024525566,0.02434947,31.19,31.11214286,31.005,30.71487179,30.51257923,31.16,31.15556781,31.151234,31.14692023,31.14251249,31.13785433,31.13274046,31.12691007,31.12003822,31.11172125,31.10144822,31.08854281,31.07204676,31.05049359,31.02148872,30.98097454,30.92210011,30.83427129,30.70704613,30.5527601,31.2425,31.128,30.95775,30.79766667,60,32.85714286,42.31026786,60,41.69642857,39.67491512,60,31.27232143,49.35197444,60,41.41461828,55.57190797,0.2,0.43,1.09,95.33333333,84.28571429,124.5,342.1923077,209.3333333,1.678321678,1.898305085,1.285140562,0.467573339,0.76433121,0
31.2,31.22,31.13,31.22,128,0.09,0.02,85.71428571,95.08196721,84.21052632,70.6959707,52.73311897,31.21,31.10857143,30.95166667,30.54,30.518,0.00032041,0.003581925,0.008669431,0.022265881,0.023002818,31.22,31.15821429,31.05423077,30.76806268,30.53595082,31.25,31.24527839,31.2401234,31.23453803,31.2285025,31.22196358,31.21482214,31.20691852,31.19801529,31.18777456,31.17572411,31.16119855,31.14322805,31.12032083,31.09004211,31.04823091,30.98768009,30.8966306,30.76134152,30.5876221,31.1975,31.1645,30.99975,30.86216667,100,40,40.42410714,100,54.19642857,41.60670105,100,43.77232143,46.89293095,100,41.94093407,53.84825276,0.12,0.43,0.77,108.6666667,99.14285714,100,346.0384615,206.9,1.17791411,1.291066282,1.28,0.369901078,0.618656356,0
31.37,31.37,31.1,31.1,119,0.27,-0.27,85.71428571,90.47619048,81.63265306,68.67924528,55.49915398,31.19,31.13571429,30.99,30.58192308,30.52616667,-0.00288554,-0.001147052,0.003549532,0.016940626,0.01879808,31.165,31.15607143,31.07705128,30.80954416,30.55503279,31.22,31.22126392,31.22201234,31.22218071,31.2217005,31.2204909,31.21844664,31.21542148,31.21120612,31.20549855,31.19786205,31.1876592,31.17393683,31.15520854,31.12902947,31.09117318,31.03414407,30.94513601,30.80720736,30.61924099,31.1675,31.1795,31.03875,30.91483333,0,40,38.53794643,0,38.57142857,40.18200549,0,43.77232143,44.43388745,0,35.01785714,50.73998217,0.03,0.4,0.5,135.6666667,104.7142857,106.5,348.1923077,208.1166667,0.877149877,1.136425648,1.117370892,0.341765161,0.571794666,0
31.1,31.1,31.02,31.07,38,0.08,-0.03,37.5,67.27272727,71.69811321,71.37254902,54.09015025,31.13,31.13857143,31.01083333,30.61692308,30.5315,-0.001927401,-0.002202138,0.001907935,0.014798251,0.017637522,31.105,31.13964286,31.08935897,30.84569801,30.57286339,31.1,31.1060632,31.11220123,31.11832711,31.1243401,31.13012272,31.13553399,31.14039752,31.14448245,31.14747435,31.14893103,31.14821256,31.1443621,31.13588555,31.12032063,31.09337989,31.04731526,30.96836561,30.83648663,30.64327894,31.065,31.176,31.072,30.94833333,62.5,55.625,42.12053571,62.5,37.08333333,39.15674603,62.5,48.45982143,43.73265646,62.5,41.26785714,48.29119433,-0.09,0.36,0.47,95,100.8571429,103.75,349.1923077,208.0666667,0.4,0.376770538,0.36626506,0.108822558,0.182633771,1
31.16,31.3,31.14,31.14,44,0.16,-0.02,0,52.27272727,63.73626374,68.72427984,52.72108844,31.10333333,31.14428571,31.04,30.65692308,30.53783333,0.001178866,-0.000137608,0.003221649,0.015757515,0.01971871,31.11,31.14,31.10923077,30.88444444,30.59281421,31.07,31.07180316,31.07422012,31.07724907,31.08086802,31.08503068,31.0896602,31.09463913,31.09979298,31.10486346,31.10946551,31.11301691,31.11461726,31.11282561,31.10522444,31.08753491,31.0518522,30.98361077,30.85983796,30.664615,31.18,31.1705,31.1175,30.98816667,0,40.625,44.0625,0,37.08333333,40.05456349,0,36.74107143,41.66423797,0,41.26785714,46.8424065,-0.11,0.23,0.5,67,87.85714286,88.08333333,350.5,207.7333333,0.656716418,0.500813008,0.499526963,0.12553495,0.211810013,0
31.19,31.19,31.06,31.12,14,0.13,-0.07,31.81818182,54.34782609,68.42105263,71.31147541,53.1986532,31.11,31.15142857,31.075,30.69307692,30.5445,0.00032144,-0.001008897,0.001448109,0.013909426,0.018841363,31.11833333,31.13392857,31.12153846,30.91874644,30.61190164,31.14,31.13659016,31.13342201,31.13058736,31.1281736,31.12625767,31.12489806,31.1241237,31.12391719,31.12418856,31.12473276,31.1251593,31.12477036,31.12233665,31.11565711,31.10065119,31.06948176,31.00706915,30.88785417,30.68838425,31.1225,31.1465,31.13725,31.02066667,46.15384615,27.16346154,40.85336538,46.15384615,44.77564103,42.23443223,46.15384615,33.58173077,39.28675354,46.15384615,43.38324176,45.85515712,-0.1,0.07,0.3,32,77.28571429,77.75,319.8846154,206.9666667,0.4375,0.181146026,0.180064309,0.043765781,0.067643743,1
31.37,31.4,31.27,31.3,30,0.13,-0.07,58.33333333,55.55555556,73.86363636,69.74789916,53.37837838,31.18666667,31.17142857,31.12416667,30.73769231,30.55466667,0.003634032,0.004124656,0.005649415,0.018293751,0.024393437,31.21333333,31.17107143,31.15615385,30.9637037,30.63667213,31.12,31.12082951,31.1213422,31.1215881,31.12163472,31.12156442,31.12146942,31.12144329,31.12156688,31.12188485,31.12236638,31.12283761,31.12286221,31.12151882,31.11695998,31.10548839,31.07958541,31.02400878,30.91106875,30.70996503,31.3175,31.1705,31.1675,31.05666667,23.07692308,32.93269231,39.08653846,23.07692308,38.62179487,41.72199328,23.07692308,36.46634615,38.31151271,23.07692308,36.31593407,43.22367698,0.2,0.2,0.51,29.33333333,76.14285714,78.25,287.9615385,206.5,1.022727273,0.393996248,0.383386581,0.10418058,0.14527845,0
31.28,31.28,31.02,31.02,8,0.26,-0.26,92.59259259,62.96296296,78.0952381,73.01587302,55.0247117,31.14666667,31.13857143,31.13333333,30.77461538,30.56116667,-0.004066781,-0.003807863,-0.003640257,0.007973605,0.015013607,31.13,31.13321429,31.14012821,30.98461538,30.65192896,31.3,31.29104148,31.28213422,31.27323822,31.26432694,31.2553911,31.24644083,31.23750515,31.22862675,31.21984818,31.21118319,31.20256069,31.19371733,31.18398723,31.17187198,31.15411629,31.12366833,31.06540746,30.94996188,30.73946678,31.085,31.154,31.16675,31.07716667,0,17.30769231,29.50721154,0,21.95512821,36.34844322,0,36.46634615,38.81653503,0,29.17307692,40.16362541,-0.05,-0.05,0.32,17.33333333,54.42857143,72.25,256.7692308,205.5166667,0.461538462,0.146981627,0.110726644,0.031156381,0.038926283,0
30.76,30.99,30.76,30.97,11,0.23,0.21,37.5,34.24657534,54.86725664,67.64705882,53.10015898,31.09666667,31.10285714,31.12666667,30.81038462,30.56566667,-0.00407332,-0.004271541,-0.005033198,0.005180571,0.01322835,31.04166667,31.09107143,31.115,30.99908832,30.66533333,31.02,31.03355207,31.04621342,31.05798573,31.06886539,31.07884778,31.08793225,31.0961268,31.1034507,31.10993168,31.11559159,31.12040838,31.1242304,31.1265917,31.12631039,31.12058722,31.10293466,31.05859634,30.95696569,30.75349344,30.9225,31.1255,31.15075,31.08983333,91.30434783,40.13377926,29.38440635,91.30434783,37.17251951,36.11529171,91.30434783,40.37938963,39.95491855,91.30434783,38.30351171,39.01661732,-0.17,-0.19,0.26,16.33333333,37.71428571,67.75,225.9230769,204.9166667,0.673469388,0.291666667,0.162361624,0.048689139,0.053680358,1
31,31.2,31,31.11,40,0.2,0.11,35.29411765,33.33333333,46.15384615,66.90909091,52.15311005,31.03333333,31.10428571,31.1275,30.85884615,30.57283333,0.002470462,0.000183714,-0.000562204,0.008138796,0.017570065,31.04833333,31.09285714,31.1124359,31.02128205,30.68318033,30.97,30.9731776,30.97762134,30.98319786,30.98977308,30.99721194,31.00537967,31.01414438,31.02338028,31.03296926,31.0427958,31.05272461,31.06253824,31.07178461,31.07941727,31.08294041,31.07634773,31.04530689,30.95826912,30.76431877,31.105,31.1105,31.1405,31.11516667,55,42.34531773,33.1798704,55,35.92251951,35.92182274,55,34.75438963,38.82767708,55,43.80351171,39.18883999,-0.01,-0.14,0.2,19.66666667,26.42857143,59.83333333,193.1153846,204.95,2.033898305,1.513513514,0.668523677,0.207130054,0.195169554,0
31.2,31.2,30.96,30.96,8,0.24,-0.24,29.78723404,50.64935065,50.44247788,73.33333333,53.36463224,31.01333333,31.08857143,31.11833333,30.89307692,30.57916667,-0.00171969,-0.004135649,-0.005088105,0.002166281,0.012454013,31.01166667,31.05678571,31.08666667,31.02877493,30.69587432,31.11,31.10315888,31.09676213,31.09097968,31.08595462,31.08180299,31.0786139,31.07645053,31.07535211,31.07533617,31.0763979,31.07849853,31.08152294,31.08515999,31.08859209,31.08970531,31.08307818,31.05501086,30.97344221,30.78160283,31.02,31.09,31.11825,31.1215,0,36.57608696,34.09071906,0,35.92251951,35.72835377,0,34.75438963,37.7004356,0,37.80351171,38.82772934,-0.34,-0.26,-0.09,19.66666667,22.14285714,53.16666667,160.8461538,203.2833333,0.406779661,0.361290323,0.150470219,0.049736968,0.039353939,0
30.41,30.52,30.4,30.5,14,0.12,0.09,41.17647059,43.82022472,45.6,66.92015209,52.95031056,30.85666667,30.99714286,31.06333333,30.90461538,30.57833333,-0.01155882,-0.016038345,-0.018134993,-0.013092393,-0.002561727,30.755,30.90964286,30.99153846,30.99965812,30.69327869,30.96,30.96715794,30.97367621,30.97964695,30.98519092,30.99045075,30.99558417,31.00075769,31.00614084,31.01190127,31.01819895,31.02517419,31.03291377,31.041354,31.05001446,31.05727898,31.05846255,31.04075923,30.97209799,30.79052269,30.48,30.9225,31.0465,31.08583333,83.33333333,57.40942029,44.11615106,83.33333333,42.11910071,35.28559705,83.33333333,37.3585563,36.31277746,83.33333333,36.13684504,38.24732043,-0.52,-0.6,-0.6,20.66666667,17.85714286,51.16666667,129.7692308,198.1833333,0.677419355,0.784,0.273615635,0.107883817,0.070641662,0
30.02,30.5,29.36,29.79,1462,1.14,-0.23,18.66666667,25,29.62962963,55.06756757,49.63609898,30.41666667,30.80714286,30.94166667,30.89038462,30.56733333,-0.02060274,-0.033016462,-0.037220576,-0.035622237,-0.025430198,30.22166667,30.60785714,30.79564103,30.91709402,30.66743169,30.5,30.5233579,30.54736762,30.57194704,30.59703818,30.62261269,30.64867525,30.67526519,30.70245634,30.73035557,30.75909947,30.78884581,30.81974826,30.8518801,30.88501012,30.91795924,30.94677004,30.95964534,30.92488819,30.77599656,29.86,30.6775,30.91575,31.00366667,37.71929825,44.01315789,45.08599572,37.71929825,44.55949657,36.275214,37.71929825,42.07346858,36.97932711,37.71929825,39.90877486,38.73641221,-1.18,-1.28,-1.28,494.6666667,224.7142857,159.6666667,153.2692308,221.65,2.955525606,6.506039415,9.1565762,9.538770389,6.595984661,1
30,30.18,29.99,29.99,140,0.19,-0.01,0,16.24365482,17.41071429,44.90358127,45.58823529,30.09333333,30.62,30.83916667,30.87269231,30.5605,-0.003433762,-0.020574788,-0.027535331,-0.028591362,-0.018667888,30.00833333,30.40357143,30.64923077,30.85039886,30.64850273,29.79,29.82666789,29.86573676,29.90729206,29.95140764,29.99815317,30.04760258,30.09984282,30.15498254,30.21316001,30.27454974,30.33936519,30.40784896,30.48022206,30.55650709,30.63596943,30.71541603,30.78419854,30.81139937,30.72669673,30.0375,30.5005,30.813,30.934,0,30.26315789,42.06545576,0,44.55949657,40.04260873,0,36.30423781,37.31964049,0,33.65877486,37.97550398,-1.12,-1.15,-1.17,538.6666667,240.4285714,160.6666667,150.2692308,221.5666667,0.25990099,0.582293523,0.871369295,0.931661121,0.631863999,1
30.1,30.1,30.1,30.1,61,0,0,14.59854015,17.08542714,24.4813278,43.50282486,47.31323722,29.96,30.48857143,30.75583333,30.85346154,30.55316667,0.004672897,-0.012744822,-0.021323868,-0.024420648,-0.014832069,30.01166667,30.27357143,30.53551282,30.79316239,30.63340437,29.99,29.98183339,29.97757368,29.97759381,29.98228153,29.99203829,30.00728077,30.02844499,30.05599301,30.090422,30.13227487,30.18215086,30.24070937,30.30864434,30.38655496,30.47447707,30.57033282,30.66506876,30.72925943,30.68986189,30.1,30.2995,30.705,30.86016667,0,30.26315789,40.48722349,0,29.34210526,38.73753969,0,33.41962243,36.93880002,0,33.65877486,37.21459575,-0.86,-1.02,-1.15,554.3333333,248,155.8333333,138.8846154,219.8166667,0.110042093,0.245967742,0.39144385,0.439213514,0.277503981,0
30,30,29.44,29.86,252,0.56,-0.14,30.39215686,24.72527473,29.16666667,42.85714286,47.10526316,29.98333333,30.33,30.655,30.825,30.5425,-0.004113396,-0.015496208,-0.025933779,-0.031305758,-0.022345911,29.96166667,30.11642857,30.39769231,30.71957265,30.6106776,30.1,30.09409167,30.08775737,30.08163907,30.07645631,30.07300957,30.07218423,30.07495575,30.08239721,30.0956899,30.11613743,30.14518297,30.18442562,30.23561882,30.30058847,30.3808578,30.47626626,30.58030845,30.66633349,30.6603688,29.79,30.0535,30.57175,30.76333333,75,28.17982456,33.17982456,75,32.6754386,38.19635954,75,42.79462243,37.72983455,75,36.54339025,36.5306106,-0.64,-1.44,-1.36,151,282.4285714,173.6666667,132.3461538,220.15,1.668874172,0.892261002,1.451055662,1.904097646,1.144674086,1
29.99,30.01,29.94,29.98,31,0.07,-0.01,56.36363636,22.3880597,26.81992337,40.10695187,45.8974359,29.98,30.16857143,30.55833333,30.79961538,30.53216667,0,-0.006250592,-0.018925552,-0.026611221,-0.018084752,29.96,30.02892857,30.29384615,30.65698006,30.59223497,29.86,29.87170458,29.88277574,29.89324586,29.90329126,29.91325239,29.92365527,29.93523451,29.94895888,29.96606046,29.98806872,30.01685063,30.05465537,30.10415223,30.16841193,30.25064335,30.35301301,30.47226218,30.58570014,30.62035036,29.9775,29.953,30.43775,30.682,57.14285714,33.03571429,30.43546366,57.14285714,42.19924812,39.24248097,57.14285714,38.52443609,37.49796536,57.14285714,39.94998365,36.89401556,0.19,-1.04,-1.12,114.6666667,281.1428571,172.5833333,131.9615385,220.0833333,0.270348837,0.110264228,0.17962337,0.234916934,0.140855736,1
30.45,30.45,30.29,30.39,66,0.16,-0.06,48.93617021,21.6080402,28.19548872,41.36125654,46.03580563,30.07666667,30.08714286,30.4975,30.78307692,30.52916667,0.010417821,0.010065999,-0.003524879,-0.012769254,-0.004558482,30.165,30.08428571,30.26794872,30.62663818,30.58757377,29.98,29.97458523,29.97027757,29.96698688,29.96465825,29.9633131,29.96309658,29.96433208,29.96758355,29.97372721,29.98403436,30.00026785,30.02479322,30.06069895,30.11188835,30.18298251,30.27841041,30.39842285,30.52513013,30.58833284,30.38,30.057,30.36725,30.6295,62.5,48.66071429,35.03485276,62.5,38.7270259,38.67713517,62.5,39.46193609,38.08640867,62.5,46.19998365,38.59670623,0.4,-0.58,-0.68,116.3333333,289.4285714,176.9166667,131.7692308,220.6166667,0.567335244,0.228035538,0.373056995,0.500875657,0.299161441,0
30.45,30.55,30.2,30.2,1709,0.35,-0.25,68.83116883,37.33333333,38.03278689,44.69135802,48.90243902,30.19,30.04428571,30.40583333,30.76038462,30.52083333,0.000331236,0.005182825,-0.006769534,-0.018217738,-0.010511945,30.22666667,30.1125,30.22217949,30.58344729,30.57678142,30.39,30.36922926,30.34802776,30.32654803,30.30493165,30.28332827,30.26192897,30.24101623,30.22103342,30.20267724,30.18701718,30.17564732,30.17087593,30.17595432,30.19532185,30.23473689,30.30072832,30.39715943,30.51161711,30.5784162,30.2875,30.107,30.30375,30.57766667,0,48.66071429,39.63424185,0,32.44047619,36.65729844,0,39.46193609,38.67485198,0,37.06954887,38.47330995,0.1,-0.91,-0.94,602,531.5714286,316.8333333,188.5769231,248.6,2.838870432,3.214995969,5.394003156,9.062614726,6.874497184,1
30.55,30.55,30.41,30.46,1814,0.14,-0.09,73.61111111,42.42424242,32.02614379,42.99287411,46.97336562,30.35,30.14,30.35916667,30.75115385,30.51366667,0.003624382,0.01061712,0.003321347,-0.009468062,-0.001758775,30.36166667,30.21642857,30.23051282,30.56119658,30.57478689,30.2,30.20846146,30.21480278,30.2189822,30.22098633,30.22083207,30.21857869,30.21435568,30.20841337,30.20120476,30.19350859,30.18660602,30.18252556,30.18437031,30.19672529,30.22605266,30.28058266,30.36758551,30.4804554,30.55949539,30.47,30.181,30.24025,30.53033333,35.71428571,38.83928571,42.29910714,35.71428571,38.39285714,35.6295252,35.71428571,33.50955514,38.19372683,35.71428571,35.14097744,37.60705652,0.6,-0.5,-0.66,1196.333333,581.8571429,467.3333333,253.0384615,277.7,1.516299805,3.117603732,3.881597718,7.168870649,6.532229024,1
30.65,30.69,30.57,30.62,3528,0.12,-0.03,77.90697674,71.89542484,40.78947368,47.26027397,47.41896759,30.42666667,30.23,30.33,30.74769231,30.5065,0.006354075,0.012901092,0.00956149,-0.004152907,0.003720519,30.49666667,30.33642857,30.27064103,30.55148148,30.57827322,30.46,30.44742307,30.43548028,30.42384733,30.41219727,30.40020802,30.38757361,30.37402449,30.35936535,30.34354214,30.32675429,30.30963331,30.29351534,30.2808407,30.2757077,30.2845395,30.31646613,30.38144768,30.47840986,30.55452062,30.625,30.348,30.20075,30.49716667,41.66666667,34.9702381,42.7827381,41.66666667,45.33730159,38.29539126,41.66666667,34.00297619,37.18491528,41.66666667,39.30764411,37.75746976,0.64,0.12,-0.68,2350.333333,1065.857143,760.4166667,387.8076923,335.7833333,1.501063679,3.310012063,4.639561644,9.097292472,10.5067752,0
31.5,31.5,30.61,30.62,3524,0.89,-0.88,68.85245902,71.1409396,44.44444444,49.00662252,47.41896759,30.56666667,30.30428571,30.28916667,30.73653846,30.50033333,0.00174482,0.01041814,0.010922497,-0.003791528,0.003923454,30.59333333,30.43392857,30.31525641,30.54202279,30.58199454,30.62,30.61137115,30.60154803,30.5905771,30.57843945,30.565052,30.55027208,30.53390857,30.51574614,30.49559396,30.47337715,30.44929832,30.4241092,30.39954645,30.37899539,30.36840462,30.3771729,30.41723053,30.49256888,30.55779459,30.8375,30.52,30.2365,30.46516667,1.123595506,19.62613697,35.52409377,1.123595506,33.0245675,38.35357941,1.123595506,34.14342563,36.91481376,1.123595506,31.08667033,37.25245229,0.23,0.83,-0.4,2955.333333,1560.571429,1050.75,520.2692308,394.2,1.192420483,2.258147199,3.353794908,6.773416131,8.939624556,1
30.62,30.71,30.4,30.66,3521,0.31,0.04,100,68.84057971,41.86046512,46.65127021,47.76299879,30.63333333,30.41857143,30.26416667,30.72153846,30.49733333,0.000870511,0.007936881,0.013079274,-0.002003105,0.0053338,30.64,30.52285714,30.37230769,30.53635328,30.58722951,30.62,30.61956856,30.6181548,30.61558656,30.61168789,30.606263,30.59908162,30.589868,30.57829846,30.56401728,30.54668857,30.52611408,30.50246552,30.4767052,30.45129678,30.43130347,30.42573832,30.44764595,30.50531199,30.56090486,30.6075,30.5655,30.31125,30.43333333,83.87096774,40.59387891,33.50738492,83.87096774,37.4792526,37.56691349,83.87096774,44.6272966,38.31577303,83.87096774,35.70183728,36.83175853,0.46,0.67,-0.31,3524.333333,2027.571429,1343.5,653.1923077,452.6333333,0.999054195,1.736560276,2.620766654,5.390449273,7.778923338,0
30.29,30.49,30.29,30.35,3502,0.2,0.06,100,83.89830508,44.82758621,45.39007092,48.89705882,30.54333333,30.47142857,30.25166667,30.69269231,30.4925,-0.006329805,-0.003984998,0.00325051,-0.011165274,-0.00467328,30.49833333,30.50571429,30.38551282,30.50883191,30.58239891,30.66,30.65797843,30.65581548,30.65333798,30.65033758,30.64656575,30.64172449,30.6354538,30.62731938,30.61680778,30.60334429,30.58636274,30.56547931,30.54085838,30.51390774,30.4884776,30.47259066,30.47949906,30.52078079,30.56585962,30.37,30.582,30.3445,30.3965,30,39.16530748,33.58889036,30,32.06258594,36.45617349,30,39.0022966,37.8417323,30,38.70183728,37.33606477,-0.11,0.25,-0.76,3515.666667,2523.428571,1634.166667,782.6923077,504.2166667,0.996112639,1.387794384,2.142988271,4.474299754,6.9454269,0
30.48,30.48,30.2,30.25,1042,0.28,-0.23,11.42857143,63.50364964,47.27272727,41.6481069,48.24667473,30.42,30.45142857,30.29,30.66115385,30.487,-0.005588429,-0.006614749,-0.001320568,-0.013409601,-0.007773805,30.35166667,30.45035714,30.38525641,30.47603989,30.57444809,30.35,30.36539892,30.38058155,30.3955007,30.41006752,30.42414144,30.43751735,30.44990883,30.46092775,30.4700635,30.47667214,30.47999951,30.47928759,30.47405795,30.46473542,30.4538582,30.44807253,30.4600742,30.50370271,30.55506663,30.295,30.547,30.364,30.3425,17.85714286,33.21292653,33.14956247,17.85714286,35.03877641,36.88922353,17.85714286,34.09158231,37.28762558,17.85714286,40.48755156,38.01894244,-0.37,0.39,-0.71,2688.333333,2662.857143,1599.166667,819.3846154,518.4,0.387600744,0.391309013,0.651589369,1.271686068,2.010030864,1
30.28,30.3,30.27,30.28,28,0.03,0,8.888888889,43.39622642,60.74766355,41.00877193,48.01444043,30.29333333,30.46285714,30.31416667,30.62730769,30.48566667,-0.000440141,-0.006002626,-0.001127086,-0.011339805,-0.00674634,30.28166667,30.4075,30.38371795,30.44780627,30.5676612,30.25,30.25576995,30.26305815,30.2718251,30.2820135,30.29353536,30.3062552,30.31996809,30.3343711,30.34902857,30.36333607,30.37649973,30.38757255,30.39563766,30.40031479,30.40289365,30.40845802,30.42856307,30.47833244,30.5398133,30.2825,30.4785,30.41325,30.29333333,33.33333333,41.26536098,38.55936847,33.33333333,34.64195102,36.26407251,33.33333333,30.44574898,36.16060219,33.33333333,36.3208849,37.99669191,-0.34,0.3,-0.22,1524,2422.714286,1589.833333,819,514.7,0.018372703,0.011557285,0.017611909,0.034188034,0.054400622,1
30.28,30.41,30.28,30.4,11,0.13,0.12,6.818181818,54.44444444,57.36040609,40.22222222,49.50738916,30.31,30.45428571,30.33916667,30.59461538,30.48466667,0.002969317,-0.001782531,0.002005109,-0.006361099,-0.002777353,30.335,30.39178571,30.39692308,30.43096866,30.56485246,30.28,30.2787885,30.27830582,30.27877377,30.2804027,30.28338384,30.28787656,30.29398883,30.30174844,30.31106286,30.32166804,30.33307485,30.34454353,30.35516448,30.36422036,30.37217024,30.38276642,30.40627861,30.4584992,30.52682264,30.3725,30.3855,30.45275,30.28616667,92.30769231,43.37454212,39.25453428,92.30769231,43.08212196,35.88820924,92.30769231,41.98421052,36.47588649,92.30769231,39.83736841,37.98543038,-0.26,0.01,0.61,360.3333333,2165.142857,1585.666667,813.2692308,511.9333333,0.03052729,0.005080496,0.006937145,0.013525656,0.021487173,1
30.33,30.5,30.33,30.5,8,0.17,0.17,60,46.05263158,57.57575758,40.61810155,49.63144963,30.39333333,30.43714286,30.3925,30.56692308,30.48733333,0.003509542,0.002065146,0.003537057,-0.002189395,0.000415473,30.43,30.40321429,30.42166667,30.42396011,30.56535519,30.4,30.39393942,30.38783058,30.38181606,30.37608054,30.37084596,30.36636297,30.36289609,30.36069938,30.35997829,30.36083402,30.36319117,30.36672612,30.37085691,30.37495425,30.37912768,30.38621313,30.40533682,30.45264928,30.52048151,30.4575,30.3555,30.4605,30.326,100,60.87454212,44.68184294,100,59.56152271,40.31103511,100,50.0199248,38.5396827,100,43.58736841,37.72416886,0.15,0.3,0.51,15.66666667,1662.285714,1565.333333,808.6538462,511.8833333,0.510638298,0.00481265,0.005110733,0.009892985,0.015628561,0
30.5,30.5,30.29,30.3,3541,0.21,-0.2,100,41.42857143,67.39130435,42.17391304,50.98522167,30.4,30.39142857,30.41916667,30.53615385,30.487,-0.003289474,-0.003008367,-0.003917486,-0.007733582,-0.006133762,30.38333333,30.36892857,30.4074359,30.40418803,30.55921311,30.5,30.49469697,30.48878306,30.48227241,30.47521611,30.46771149,30.45990889,30.45201363,30.44427975,30.43699023,30.43041701,30.42475514,30.42003567,30.41605699,30.41246797,30.40934576,30.40897051,30.4195363,30.45738435,30.51945743,30.3475,30.351,30.4665,30.34666667,4.761904762,57.6007326,50.77879446,4.761904762,46.37667888,41.79393949,4.761904762,45.40682956,39.96516437,4.761904762,44.06355889,38.42356986,0.05,-0.16,0.2,1186.666667,1664.714286,1857.833333,940.2692308,570.5,2.983988764,2.127091736,1.905983673,3.765942651,6.206836109,1
30.53,30.64,30.53,30.55,5221,0.11,0.02,52.38095238,32.22222222,58.33333333,41.45299145,49.87951807,30.45,30.37571429,30.4325,30.51615385,30.49783333,0.003284072,0.005737666,0.003861004,0.001109123,0.001710504,30.45833333,30.40857143,30.4275641,30.40521368,30.56127869,30.3,30.30973485,30.31887831,30.32734086,30.33504322,30.34192787,30.34797267,30.35320477,30.3577119,30.3616456,30.3652085,30.36861533,30.3720214,30.37543705,30.37872758,30.38200932,30.38717641,30.40160585,30.44164591,30.50848456,30.5675,30.4055,30.47625,30.37783333,18.18181818,53.81285381,53.91566767,18.18181818,44.40698191,43.85133881,18.18181818,47.5391074,41.63962459,18.18181818,42.31031214,39.14050333,0.27,-0.07,0.69,2923.333333,1907.571429,2287.416667,1139.615385,653.4,1.785974914,2.736987943,2.282487522,4.581370233,7.990511172,1
30.65,30.77,30.64,30.68,3335,0.13,0.03,63.63636364,45.04504505,54.54545455,44.69387755,53.99753998,30.51,30.42285714,30.4725,30.49846154,30.5115,0.005571944,0.008452292,0.006809418,0.005952381,0.005522508,30.57333333,30.48464286,30.46564103,30.41735043,30.56725137,30.55,30.53798674,30.52688783,30.51660113,30.50700864,30.49798197,30.4893918,30.48112167,30.47308476,30.46524052,30.45760425,30.45023843,30.44321284,30.43653408,30.43010931,30.42400699,30.41974112,30.42386497,30.45248132,30.51056033,30.6925,30.4875,30.483,30.438,30.76923077,38.42823843,52.67909174,30.76923077,46.55899656,45.7713755,30.76923077,40.90139028,41.1738863,30.76923077,41.22056855,39.33179577,0.28,0.06,0.7,4032.333333,1883.714286,2422.916667,1266.192308,706.6166667,0.827064561,1.770438344,1.376440241,2.633881109,4.719673562,0
30.73,30.73,30.58,30.61,3304,0.15,-0.12,65.51724138,67.74193548,64.11764706,45.36290323,54.98783455,30.61333333,30.47428571,30.485,30.47884615,30.52366667,-0.000108885,0.004453403,0.004100377,0.004303111,0.002828406,30.62333333,30.53142857,30.48679487,30.42561254,30.57048087,30.68,30.67289934,30.66468878,30.65549017,30.64540173,30.63449549,30.62281754,30.61039258,30.5972339,30.58335823,30.56880213,30.55363114,30.53792771,30.52174715,30.50507652,30.48800524,30.4717929,30.46228523,30.47523319,30.51903231,30.6325,30.5395,30.4625,30.48166667,20,18.42823843,42.06751582,20,44.33677434,47.38717939,20,39.65139028,41.25502301,20,43.108209,40.53394964,0.11,-0.05,0.22,3953.333333,2206.857143,2547.083333,1392.730769,759.8166667,0.835750422,1.497151735,1.297169966,2.372317804,4.348417381,0
30.62,30.63,30.61,30.61,5,0.02,-0.01,84.44444444,70,54.96688742,44.91017964,54.41354293,30.63333333,30.52142857,30.48416667,30.45230769,30.5325,-0.000761697,0.002901942,0.004127826,0.005178337,0.002538279,30.62166667,30.56535714,30.50602564,30.43532764,30.57331148,30.61,30.61314497,30.61546888,30.61682353,30.61708035,30.61612387,30.61384526,30.6101374,30.60489356,30.59801121,30.58940106,30.57899713,30.56675662,30.55263565,30.53655356,30.51850393,30.49943432,30.48444244,30.48870987,30.5235807,30.615,30.571,30.46325,30.49733333,0,17.23776224,31.97677323,0,28.95215895,45.03218556,0,37.41924742,41.67098115,0,34.72111222,40.43587713,0.31,0.26,0.41,2214.666667,2203.571429,2253.5,1391.769231,759.65,0.002257676,0.002269044,0.002218771,0.00359255,0.006581979,1
30.61,30.62,30.57,30.62,7,0.05,0.01,65,68.96551724,49.62962963,42.85714286,53.28376704,30.61333333,30.55285714,30.48416667,30.43692308,30.54166667,0.00021777,0.002197597,0.004455865,0.006014962,0.002564802,30.615,30.59,30.52692308,30.44774929,30.57618033,30.61,30.61015725,30.61054689,30.61102353,30.61141607,30.61153097,30.61115358,30.61004809,30.60795742,30.60460504,30.59970053,30.59294842,30.58405397,30.57271317,30.55858749,30.54137795,30.52154746,30.50327608,30.50083888,30.52790166,30.6075,30.623,30.487,30.51866667,100,37.69230769,27.9466367,100,28.95215895,39.93062493,100,45.75258075,43.58433513,100,41.72111222,40.73780463,0.07,0.37,0.16,1105.333333,2203,1960.416667,1391.730769,759.5,0.006332931,0.003177485,0.00357067,0.005029708,0.00921659,1
30.39,30.7,30.39,30.69,3321,0.31,0.3,12.5,64.47368421,50,45.61403509,53.40768278,30.64,30.58,30.48666667,30.42615385,30.55116667,0.001631854,0.003597122,0.006669582,0.008671689,0.004544289,30.65333333,30.62428571,30.55858974,30.46649573,30.58104372,30.62,30.61950786,30.61905469,30.61865353,30.61828321,30.61788274,30.61734607,30.61651683,30.61518297,30.61307227,30.60985027,30.60512163,30.59843238,30.58926356,30.57701124,30.56103346,30.54123796,30.52078467,30.512755,30.53250658,30.6175,30.633,30.51925,30.5285,96.77419355,54.19354839,31.88796419,96.77419355,44.28754042,39.58243519,96.77419355,46.31089341,44.12517049,96.77419355,49.61281729,41.6503312,0.01,0.41,0.07,1111,2676.285714,1943.75,1519.038462,813.0666667,2.98919892,1.2408989,1.708553055,2.186251424,4.084535913,0
30.6,30.76,30.6,30.65,5432,0.16,0.05,100,63.01369863,51.07913669,46.94323144,53.52286774,30.65333333,30.63,30.51166667,30.40846154,30.55816667,-0.000108743,0.000652955,0.004533785,0.007943133,0.003005198,30.65833333,30.64178571,30.58371795,30.48307692,30.58428415,30.69,30.68647539,30.68290547,30.67929803,30.67565664,30.67197069,30.66820382,30.66428089,30.66007319,30.65538252,30.64992513,30.6433169,30.63505943,30.62452132,30.61090787,30.5932751,30.57099037,30.54616697,30.5304795,30.54038125,30.665,30.6275,30.5575,30.53116667,31.25,57.00604839,41.53241668,31.25,46.46557072,39.92553332,31.25,37.71714341,42.58732281,31.25,49.40448396,42.95869111,0.04,0.25,0.03,2920,2946.428571,2104.583333,1726.423077,903.1333333,1.860273973,1.843587879,2.581033459,3.146389823,6.014615782,1
30.77,30.82,30.74,30.74,3345,0.08,-0.03,66.66666667,80.70175439,63.39285714,44.86607143,52.61845387,30.69333333,30.65714286,30.5525,30.4,30.57033333,0.001520417,0.002702703,0.006136977,0.011184211,0.005550043,30.70166667,30.66928571,30.61884615,30.50763533,30.5902459,30.65,30.65182377,30.65329055,30.6543947,30.65513133,30.65549267,30.65546115,30.65499831,30.65402928,30.65242213,30.64996257,30.64632429,30.64103566,30.63343885,30.62263551,30.60745632,30.5867923,30.56174192,30.54243155,30.54586219,30.76,30.653,30.59625,30.526,0,57.00604839,51.47448821,0,41.33736559,39.05526149,0,37.12190531,41.55170728,0,40.17371473,42.99232574,0.13,0.24,0.08,4032.666667,2678.428571,2296.5,1854.769231,957.8333333,0.829475946,1.248866606,1.456564337,1.803458859,3.49225683,0
30.83,30.92,30.61,30.64,3305,0.31,-0.19,80,73.17073171,72.07207207,47.51131222,54.626109,30.67666667,30.65142857,30.5825,30.40538462,30.57833333,-0.001195262,-0.000372856,0.00188016,0.007716245,0.002016678,30.675,30.665,30.63230769,30.52541311,30.59253005,30.74,30.73559119,30.73132905,30.72715921,30.72302627,30.71887317,30.71463834,30.71024941,30.70561171,30.70058996,30.69498128,30.68847836,30.6806214,30.67073526,30.65784486,30.64059224,30.61743384,30.58848063,30.56218839,30.55556908,30.7025,30.6705,30.62075,30.53233333,9.677419355,34.42540323,50.6577621,9.677419355,39.61693548,38.26862169,9.677419355,36.05885546,40.11667579,9.677419355,31.14145666,41.74773456,0.02,0.34,0.29,4027.333333,2674.142857,2569.583333,1981.346154,1012.716667,0.820642278,1.235910038,1.286200746,1.668057847,3.263499169,0
30.64,30.64,30.27,30.3,90,0.37,-0.34,39.13043478,44.73684211,65.25423729,51.72413793,53.06122449,30.56,30.60714286,30.57416667,30.425,30.58166667,-0.008507853,-0.010035006,-0.008967265,-0.004108463,-0.009210311,30.48666667,30.57714286,30.58884615,30.51760684,30.58340437,30.64,30.64477956,30.64913291,30.65307388,30.65660525,30.65971829,30.6623915,30.66458729,30.66624468,30.66726548,30.66749064,30.6666631,30.66437284,30.65997792,30.6524914,30.64044418,30.62194707,30.59620854,30.56996955,30.55979063,30.3775,30.6245,30.62375,30.53283333,8.108108108,12.25888187,40.17409547,8.108108108,40.96828684,40.27130967,8.108108108,33.22621513,39.1572789,8.108108108,31.476077,40.48898638,-0.39,-0.25,0.05,2246.666667,2215,2576.166667,1928.576923,1014.05,0.040059347,0.040632054,0.034935628,0.046666534,0.08875302,1
29.23,30.45,29.23,30.45,88,1.22,1.22,16.98113208,26.15384615,46.42857143,56.91056911,51.23152709,30.46333333,30.58428571,30.57,30.44269231,30.58616667,-0.000437685,-0.004390677,-0.003925417,0.000240048,-0.004451904,30.43166667,30.53785714,30.56974359,30.51945869,30.57908743,30.3,30.31723898,30.33491329,30.35296108,30.37132105,30.38992957,30.40871745,30.42760555,30.44649787,30.46526947,30.48374532,30.5016647,30.5186237,30.53398565,30.54674398,30.55533314,30.55755766,30.55177726,30.5429726,30.54680109,30.145,30.53,30.5815,30.52283333,100,29.44638187,33.28417884,100,40.96828684,42.27399765,100,43.22621513,39.604132,100,39.65789518,40.22374468,-0.2,-0.23,0.17,1161,2226.857143,2582.833333,1926.576923,1002.016667,0.075796727,0.039517578,0.034071111,0.045676868,0.087822891,1
30.45,30.75,30.12,30.75,11,0.63,0.3,25.42372881,40,48.27586207,56.31868132,51.64835165,30.5,30.60285714,30.6075,30.46769231,30.59633333,0.008196721,0.004808141,0.004655722,0.009265805,0.005022388,30.575,30.57928571,30.5974359,30.54222222,30.58445902,30.45,30.44336195,30.43849133,30.43544416,30.43426421,30.43498239,30.43761524,30.44216194,30.44859915,30.45687126,30.46687266,30.47841559,30.49117422,30.50459067,30.51772079,30.52899985,30.53604612,30.53651067,30.53367534,30.54196104,30.5925,30.5155,30.5715,30.5435,100,54.44638187,32.64426221,100,41.50592124,41.81039445,100,55.72621513,41.89250296,100,46.5809721,40.75978503,0.01,0.14,0.35,63,2227.428571,2288.666667,1924.653846,987.8666667,0.174603175,0.00493843,0.004806292,0.005715313,0.011135106,0
30.65,30.65,30.51,30.6,10,0.14,-0.05,56.96202532,55.96330275,64.51612903,58.48563969,53.60946746,30.6,30.59,30.61166667,30.49615385,30.60533333,-1.16E-16,0.000326904,-0.000381118,0.003405221,-0.000174262,30.625,30.57857143,30.59628205,30.55202279,30.58457923,30.75,30.7346681,30.71884913,30.70281662,30.68685284,30.6712456,30.65628457,30.64225668,30.62943966,30.61809207,30.60843633,30.60062857,30.59470453,30.59048394,30.58740455,30.58424989,30.5788369,30.56853407,30.5553078,30.55236299,30.59,30.4815,30.56725,30.558,64.28571429,68.0984556,41.0625253,64.28571429,47.01187362,41.90144494,64.28571429,51.26192941,42.58117155,64.28571429,51.00954353,41.54991849,-0.04,-0.01,0.1,36.33333333,1754.428571,1854.416667,1915.346154,974.3833333,0.275229358,0.005699862,0.005392531,0.005220988,0.010262901,0
30.42,30.59,30.42,30.45,11,0.17,0.03,75,46.15384615,51.72413793,59.89304813,53.16901408,30.6,30.56142857,30.5925,30.51423077,30.61216667,-0.004901961,-0.003646052,-0.004658004,-0.002104945,-0.005297458,30.55,30.54357143,30.57141026,30.54860399,30.57948634,30.6,30.6067334,30.61188491,30.61542249,30.61737057,30.6178114,30.61688537,30.61478984,30.61177586,30.60814143,30.60421817,30.60034572,30.59682272,30.59381456,30.59118319,30.58818742,30.58306952,30.57325396,30.55977702,30.55474484,30.4775,30.4365,30.5535,30.55933333,17.64705882,70.48319328,55.61860315,17.64705882,49.9530501,43.33739235,17.64705882,41.37103757,41.96368957,17.64705882,52.77424941,43.35523221,0.15,-0.17,0.15,10.66666667,980,1577.416667,1914.576923,961.0166667,1.03125,0.01122449,0.006973427,0.005745395,0.011446211,1
30.69,30.69,30.65,30.65,2,0.04,-0.04,50,42.1875,42.17687075,56.23342175,52.3699422,30.56666667,30.54857143,30.59583333,30.52423077,30.6255,0.002726281,0.003320239,0.001770394,0.004120308,0.000799987,30.575,30.56571429,30.58025641,30.55866097,30.58072678,30.45,30.45783667,30.46618849,30.47481337,30.48347411,30.49195285,30.50006561,30.50767644,30.51471035,30.52116364,30.52710908,30.53269014,30.53809363,30.54347946,30.54882823,30.55364056,30.55645562,30.55476586,30.54879932,30.5495076,30.66,30.493,30.55875,30.58016667,0,45.48319328,59.627806,0,48.34014687,44.79126092,0,37.46478757,41.93214509,0,42.77424941,43.46054593,0.2,-0.04,0.1,7.666666667,502.4285714,1302.25,1912.115385,946.1666667,0.260869565,0.003980665,0.001535803,0.001045962,0.002113792,1
30.7,30.75,30.7,30.75,14,0.05,0.05,40,46.76258993,51.25,53.65168539,54.61893764,30.61666667,30.56428571,30.6075,30.54538462,30.63683333,0.004354927,0.006076186,0.004655722,0.006698733,0.003693811,30.66666667,30.61607143,30.60397436,30.57538462,30.58480874,30.65,30.64039183,30.63161885,30.62372201,30.61669482,30.61048821,30.60501968,30.60018676,30.59588414,30.59202364,30.58855454,30.58547958,30.58285618,30.58076165,30.57917976,30.57773042,30.57516449,30.56905098,30.55891939,30.55453222,30.7375,30.6115,30.57075,30.5915,100,45.48319328,57.38700886,100,63.65546218,48.57245681,100,49.96478757,43.53750537,100,43.09683006,42.8089472,0,0.1,0.07,9,32.28571429,1303,1846.923077,932.2833333,1.555555556,0.433628319,0.010744436,0.007580175,0.015016894,1
30.85,30.91,30.8,30.87,64,0.11,0.02,66.66666667,53.95683453,54.11764706,57.92507205,53.98126464,30.75666667,30.64571429,30.62833333,30.56115385,30.648,0.003684838,0.007318665,0.007890298,0.010105841,0.00724354,30.79333333,30.6925,30.64435897,30.5994302,30.59245355,30.75,30.74451959,30.73816188,30.7310583,30.72333896,30.71512205,30.70650591,30.69756536,30.68835366,30.67891064,30.66927727,30.65951377,30.64971371,30.63999507,30.63042583,30.62079782,30.61013159,30.59619334,30.57802745,30.56430561,30.8625,30.6655,30.5905,30.60283333,63.63636364,45.32085561,51.69260886,63.63636364,57.59485612,51.34355169,63.63636364,56.70965561,46.11885539,63.63636364,46.33546642,42.50204545,0.27,0.13,0.26,26.66666667,28.57142857,1307.75,1779.615385,919.65,2.4,2.24,0.048939017,0.035962827,0.069591692,0
29.97,30.66,29.97,30.56,19,0.69,0.59,100,74.35897436,56.90607735,56.15615616,53.92731536,30.72666667,30.66142857,30.6175,30.55884615,30.65466667,-0.00542417,-0.003308018,-0.001878011,3.78E-05,-0.003088165,30.695,30.67107143,30.63384615,30.59934473,30.58956831,30.87,30.86372598,30.85681619,30.84915875,30.84066779,30.83128051,30.82095177,30.80964788,30.79734146,30.78400979,30.76963864,30.75423257,30.73782822,30.7204968,30.70229808,30.68309836,30.66210528,30.63726434,30.60722471,30.57959033,30.4375,30.635,30.55825,30.58983333,85.50724638,62.2859025,49.64328617,85.50724638,55.17939719,53.62246435,85.50724638,66.38454789,50.26364698,85.50724638,54.88619106,43.97329308,0.11,-0.08,-0.05,32.33333333,18.71428571,1032.583333,1644.653846,905.7833333,0.587628866,1.015267176,0.018400452,0.011552583,0.020976319,1
30.73,30.86,30.73,30.86,27,0.13,0.13,41.50943396,54.13533835,46.82926829,49.13793103,52.27272727,30.76333333,30.67714286,30.635,30.56807692,30.6615,0.003142269,0.005960697,0.007344541,0.009549933,0.006473917,30.76166667,30.72071429,30.67115385,30.62165242,30.59630055,30.56,30.5751863,30.58968162,30.60337381,30.61613356,30.62782013,30.63828553,30.64737676,30.65493658,30.6608044,30.66481932,30.66682791,30.66669693,30.66432292,30.65960866,30.65232377,30.64168422,30.62567469,30.60250223,30.57861081,30.8275,30.705,30.57075,30.604,100,87.2859025,60.09396347,100,61.13177814,55.97578177,100,66.38454789,53.15843858,100,63.91844912,47.25099233,0.21,0.56,0.24,36.66666667,21,582.1666667,1510.153846,902.6,0.736363636,1.285714286,0.046378471,0.017878973,0.029913583,0
30.87,30.94,30.83,30.86,25,0.11,-0.01,57.53424658,54.13533835,54.54545455,53.17460317,52.32690125,30.76,30.71428571,30.645,30.57576923,30.66583333,0.003250975,0.004744186,0.007015826,0.009295948,0.006331694,30.81,30.76642857,30.70576923,30.64327635,30.60280874,30.86,30.84575931,30.83296816,30.82150607,30.81122671,30.80195503,30.79348566,30.78558186,30.77797463,30.77036198,30.76240966,30.75375535,30.74401816,30.7328099,30.71972606,30.70424283,30.68534738,30.66082348,30.62825201,30.59268027,30.8725,30.7475,30.62025,30.62166667,27.27272727,69.10408432,65.99918624,27.27272727,62.73605621,58.10628279,27.27272727,57.2936388,53.35436654,27.27272727,65.83491104,50.68687573,0.11,0.41,0.17,23.66666667,23.14285714,305.5,1375.692308,897.0666667,1.056338028,1.080246914,0.081833061,0.018172668,0.027868609,1
30.97,31,30.93,30.93,19,0.07,-0.04,49.18032787,61.01694915,52.7027027,52.67379679,51.50115473,30.88333333,30.78285714,30.66916667,30.59807692,30.67133333,0.001511063,0.004780026,0.008504741,0.010847841,0.008433499,30.895,30.82035714,30.74961538,30.66951567,30.61146995,30.86,30.85928797,30.85729682,30.85422591,30.85024534,30.84548876,30.8400457,30.83395365,30.82718985,30.81966289,30.81120483,30.80156544,30.7904109,30.77732643,30.76180824,30.74318212,30.7202779,30.69069996,30.65142681,30.60604626,30.9475,30.7895,30.7005,30.64366667,0,53.19499341,67.96772069,0,62.73605621,60.50560101,0,49.25792451,53.10386593,0,55.83491104,52.30457732,0.06,0.18,0.28,23.66666667,24.28571429,31.66666667,1241.730769,890.35,0.802816901,0.782352941,0.6,0.015301223,0.021339923,0
31,31,30.93,30.93,4,0.07,-0.07,100,71.81818182,56.62100457,58.28571429,51.89003436,30.90666667,30.82285714,30.72166667,30.62423077,30.67616667,0.000754961,0.003476085,0.006781316,0.009984552,0.008274611,30.91833333,30.85714286,30.78974359,30.69410256,30.61995082,30.93,30.9264644,30.92272968,30.91863389,30.91404907,30.90887219,30.90301371,30.89638378,30.88887594,30.8803483,30.87060241,30.85936099,30.84624654,30.83076218,30.81226577,30.78988659,30.76222232,30.72659497,30.67928413,30.62224394,30.9475,30.8065,30.736,30.6625,0,31.81818182,60.35079051,0,46.06938955,57.5745889,0,47.05204216,53.8139915,0,45.83491104,52.22997121,0.37,0.33,0.19,16,24.57142857,24.5,1201.807692,889.7333333,0.25,0.162790698,0.163265306,0.00332832,0.004495729,1
31.01,31.08,30.92,30.95,34,0.16,-0.06,100,65.55555556,67.02702703,60,51.66858458,30.93666667,30.85142857,30.76333333,30.65,30.67833333,0.000430988,0.003195036,0.00606783,0.009787928,0.008855327,30.94,30.88892857,30.82487179,30.71823362,30.62892896,30.93,30.92982322,30.92927297,30.92829508,30.92680981,30.92471805,30.92190411,30.91823432,30.91355038,30.90765674,30.90030121,30.89114855,30.87974792,30.86549542,30.84758604,30.82491494,30.79577786,30.75710572,30.70435572,30.63763175,30.975,30.914,30.7745,30.67683333,18.75,11.50568182,41.40573534,18.75,38.58832894,54.40683437,18.75,49.39579216,55.30536707,18.75,41.28133961,51.25715082,0.09,0.5,0.31,19,27.42857143,20,1202.038462,889.1166667,1.789473684,1.239583333,1.7,0.028285285,0.038240201,0
30.95,30.95,30.83,30.88,8,0.12,-0.07,100,62.19512195,64.53488372,59.8820059,50.76201641,30.92,30.85285714,30.77416667,30.66846154,30.67983333,-0.001293661,0.000879752,0.003439032,0.00689759,0.006524373,30.91166667,30.89607143,30.84282051,30.73527066,30.63554098,30.95,30.94899116,30.9479273,30.94674426,30.94536196,30.94367951,30.94157123,30.93888201,30.93542015,30.93094553,30.9251506,30.9176317,30.90784875,30.89507202,30.87831023,30.85618621,30.82662229,30.78603986,30.72892014,30.65325016,30.885,30.9255,30.81525,30.689,41.66666667,15.10416667,27.90575593,41.66666667,31.28156566,50.42386245,41.66666667,42.10412549,54.32278431,41.66666667,43.6833004,50.34805592,0.02,0.23,0.58,15.33333333,19.42857143,19.75,1201.923077,885.3833333,0.52173913,0.411764706,0.405063291,0.006656,0.009035634,0
31.03,31.03,30.66,30.66,8,0.37,-0.37,22.22222222,50.64935065,54.36241611,57.18562874,50.52508751,30.83,30.86714286,30.77916667,30.67461538,30.67916667,-0.00551411,-0.006710788,-0.003871666,-0.000476465,-0.000624745,30.78166667,30.84785714,30.82525641,30.73464387,30.63489071,30.88,30.88344956,30.88679273,30.89001164,30.89307239,30.89591988,30.89847137,30.9006087,30.90216806,30.90292549,30.9025753,30.90069744,30.89670925,30.88979681,30.87881716,30.86213966,30.83729783,30.80013388,30.74402813,30.66458765,30.7525,30.9015,30.8245,30.714,0,15.10416667,18.38304924,0,14.61489899,42.67104926,0,34.14958004,51.50277487,0,43.6833004,50.43896102,-0.27,-0.09,0.21,16.66666667,17.85714286,19.58333333,1201.923077,883.2166667,0.48,0.448,0.408510638,0.006656,0.0090578,1
30.7,30.7,30.7,30.7,4,0,0,6.451612903,57.35294118,51.92307692,52.31213873,49.77011494,30.74666667,30.84428571,30.8,30.69,30.679,-0.00151778,-0.004677875,-0.003246753,0.000325839,0.000684507,30.71666667,30.80607143,30.81307692,30.73652422,30.63557377,30.66,30.67117248,30.68267927,30.69450175,30.70661448,30.71897997,30.73154141,30.74421305,30.75686722,30.76931647,30.78128765,30.79238359,30.80202555,30.80936793,30.81317201,30.81160474,30.80183826,30.7791138,30.73562532,30.66435827,30.7,30.852,30.82075,30.751,0,15.10416667,14.20454545,0,10.06944444,33.89328063,0,23.46117424,46.13735316,0,33.6833004,49.49760805,-0.23,-0.17,-0.05,6.666666667,14.57142857,19,1065.884615,882.8833333,0.6,0.274509804,0.210526316,0.003752751,0.00453061,1
30.8,30.89,30.8,30.88,13,0.09,0.08,12.12121212,30.95238095,58.62068966,56.06060606,49.94272623,30.74666667,30.84714286,30.81916667,30.70269231,30.6785,0.004336513,0.00106516,0.00197388,0.005774988,0.006568118,30.78333333,30.815,30.82538462,30.75059829,30.64216393,30.7,30.69855862,30.69826793,30.69917526,30.7013229,30.70474499,30.70946242,30.71547457,30.72274689,30.73119241,30.74064383,30.75081097,30.76121533,30.77108915,30.77922041,30.78370356,30.78147061,30.76724673,30.73206279,30.66614035,30.8625,30.835,30.82075,30.769,88.88888889,32.63888889,19.48784722,88.88888889,24.88425926,27.58464781,88.88888889,22.07228535,40.59832035,88.88888889,36.20855292,48.4849167,-0.07,0.32,0.28,8.333333333,12.85714286,19.91666667,865.5769231,881.7666667,1.56,1.011111111,0.652719665,0.015018885,0.014743129,0
30.84,30.84,30.84,30.84,2,0,0,50,51.66666667,58.04195804,55.10835913,49.82778416,30.80666667,30.83428571,30.82666667,30.70884615,30.675,0.001082017,0.000185322,0.000432526,0.004270882,0.005378973,30.83,30.81321429,30.82858974,30.76076923,30.64745902,30.88,30.87092793,30.86182679,30.85287629,30.84426458,30.83618625,30.82883873,30.8224161,30.81709876,30.81303659,30.81032191,30.80894604,30.8087292,30.80920795,30.80945429,30.80777767,30.80117649,30.78415972,30.74685651,30.67683334,30.84,30.808,30.861,30.78566667,88.88888889,44.44444444,26.82291667,88.88888889,39.69907407,26.52292856,88.88888889,29.77430556,37.15840369,88.88888889,36.54671717,46.65096931,-0.04,-0.02,0.39,6.333333333,10.42857143,18.91666667,737.3846154,880.7166667,0.315789474,0.191780822,0.105726872,0.002712289,0.002270878,0
30.84,30.84,30.75,30.75,7,0.09,-0.09,84.61538462,42.10526316,53.28467153,52.5477707,48.7804878,30.82333333,30.80857143,30.81666667,30.71423077,30.66916667,-0.00237915,-0.001901141,-0.002163332,0.001164582,0.002635655,30.80166667,30.79214286,30.81679487,30.76381766,30.64991803,30.84,30.8415464,30.84218268,30.84193144,30.84085292,30.83904656,30.83665162,30.83384563,30.8308395,30.82786646,30.82516096,30.82292032,30.82123752,30.81998517,30.818618,30.81583325,30.80894119,30.79253576,30.75617086,30.68499167,30.7725,30.7855,30.8555,30.80533333,0,44.44444444,34.15798611,0,36.57407407,26.18721942,0,29.77430556,34.72295132,0,26.54671717,42.91379612,0.09,-0.11,0.1,7.333333333,10.85714286,14.16666667,610.5769231,878.5833333,0.954545455,0.644736842,0.494117647,0.011464567,0.007967372,0
30.59,30.59,30.3,30.44,18,0.29,-0.15,58.06451613,36.36363636,45.52238806,52.21518987,47.97687861,30.67666667,30.73571429,30.80666667,30.70769231,30.65866667,-0.007714876,-0.009621195,-0.011902186,-0.008717435,-0.007132295,30.61,30.7,30.75884615,30.74350427,30.64240437,30.75,30.75457732,30.75921827,30.76378972,30.76817058,30.77226164,30.77599549,30.77934597,30.7823358,30.78503991,30.78758048,30.79010618,30.79274251,30.79549036,30.7980326,30.79937494,30.79715295,30.7861554,30.75555377,30.68824209,30.4425,30.7235,30.8125,30.79083333,48.27586207,56.51340996,44.51029693,48.27586207,37.67560664,27.25289291,48.27586207,35.80878831,33.31754459,48.27586207,28.64703065,39.19500808,-0.26,-0.49,-0.31,9,8.571428571,14.08333333,611.0769231,877.4166667,2,2.1,1.278106509,0.029456193,0.020514769,0
30.33,30.39,30.18,30.26,22,0.21,-0.07,0,23.15789474,45.52238806,47.55043228,46.47256439,30.48333333,30.64714286,30.75666667,30.69384615,30.64366667,-0.007326408,-0.012632266,-0.016148261,-0.01413463,-0.01252026,30.40166667,30.58107143,30.67474359,30.71034188,30.62933333,30.44,30.45572887,30.47192183,30.48856846,30.50563412,30.52306541,30.54079865,30.55877109,30.57693432,30.59526796,30.61379024,30.6325584,30.65164551,30.67106873,30.69062282,30.7095312,30.72572236,30.73423209,30.72399839,30.67582998,30.2725,30.638,30.745,30.75983333,38.0952381,43.81499726,47.30432403,38.0952381,44.02481299,32.15454525,38.0952381,38.22694308,31.92143845,38.0952381,32.45655446,36.85717242,-0.62,-0.67,-0.61,15.66666667,10.57142857,13.66666667,611.6538462,877.15,1.404255319,2.081081081,1.609756098,0.035968056,0.025081229,0
30.33,30.34,30.12,30.12,177,0.22,-0.21,0,20.75471698,25.40983607,45.05494505,45.01108647,30.27333333,30.57,30.695,30.67192308,30.62483333,-0.005064964,-0.014720314,-0.018732693,-0.017994407,-0.016484443,30.22,30.44928571,30.57679487,30.66783476,30.61216393,30.26,30.26978644,30.28119218,30.29428527,30.30912682,30.32576635,30.34423959,30.36456988,30.38677373,30.41087058,30.43689512,30.46490712,30.4949873,30.52719468,30.56143597,30.5971484,30.63257789,30.66309728,30.67759855,30.65503848,30.175,30.5005,30.66775,30.714,0,21.59277504,41.59140668,0,44.02481299,37.81377334,0,33.01860974,30.78574898,0,32.45655446,35.51933676,-0.72,-0.83,-0.44,72.33333333,34.71428571,26.33333333,490.7307692,877.4333333,2.447004608,5.098765432,6.721518987,0.360686574,0.201724727,0
30.29,30.29,30.12,30.12,7,0.17,-0.17,0,22.44897959,22.79411765,42.3180593,43.77067255,30.16666667,30.48714286,30.6275,30.65153846,30.6065,-0.001546961,-0.012042547,-0.016570076,-0.017341331,-0.015895316,30.14333333,30.33678571,30.48833333,30.62695157,30.59561202,30.12,30.12748932,30.13611922,30.14614279,30.15782536,30.17144159,30.18727188,30.20559946,30.22670949,30.25089176,30.27844756,30.30969892,30.34499238,30.38467654,30.42900518,30.4778613,30.53006231,30.58163268,30.6218387,30.62828656,30.1625,30.365,30.5865,30.69566667,0,21.59277504,35.87848933,0,29.20999818,38.53472982,0,33.01860974,30.6443777,0,30.58155446,34.44935825,-0.63,-0.76,-0.74,68.66666667,35.14285714,25.33333333,282.0769231,875.4166667,0.101941748,0.199186992,0.276315789,0.024815926,0.007996192,1
30.4,30.4,30.3,30.32,21,0.1,-0.08,0,19.14893617,18.60465116,42.77929155,43.9159292,30.18666667,30.40714286,30.57666667,30.63538462,30.5935,0.004416961,-0.002865868,-0.0083942,-0.010294782,-0.008939807,30.22,30.295,30.44102564,30.60239316,30.58621858,30.12,30.12037447,30.12161192,30.12392142,30.12756507,30.1328604,30.14018156,30.14995981,30.1626838,30.17890129,30.19922378,30.2243344,30.25499543,30.29203975,30.33630363,30.38839598,30.44804985,30.51238778,30.57165483,30.60287223,30.335,30.2775,30.5315,30.66283333,20,14.52380952,25.38108922,20,17.72851669,34.87297026,20,35.51860974,32.15155714,20,28.41488779,32.92251699,-0.12,-0.34,-0.54,68.33333333,36.28571429,26.75,154.2307692,873.7833333,0.307317073,0.578740157,0.785046729,0.136159601,0.024033418,1
30.39,30.43,30.39,30.43,13,0.04,0.04,58.82352941,20.83333333,29.53020134,44.44444444,45.72368421,30.29,30.34857143,30.53333333,30.62730769,30.58283333,0.004621987,0.002683111,-0.003384279,-0.006442215,-0.004997357,30.34166667,30.30071429,30.41846154,30.58717949,30.58085792,30.32,30.31001872,30.30016119,30.29058821,30.28151301,30.2732151,30.26605447,30.26048593,30.25707352,30.25650558,30.25961189,30.26738392,30.28099726,30.30182584,30.33141254,30.37129698,30.42243988,30.48352961,30.54648935,30.58872862,30.42,30.273,30.49825,30.63266667,100,30,21.9273399,100,34.39518336,34.50982181,100,36.90749863,34.0059588,100,38.41488779,32.39567573,0.17,-0.27,-0.5,13.66666667,37.85714286,25,27.61538462,873.3666667,0.951219512,0.343396226,0.52,0.470752089,0.014884928,0
30.43,30.44,30.26,30.33,32,0.18,-0.1,100,30.09708738,33.5443038,47.22955145,46.52173913,30.36,30.28857143,30.4875,30.62846154,30.56933333,-0.000988142,0.001367795,-0.005166052,-0.009744581,-0.007829197,30.36166667,30.29607143,30.38717949,30.5651567,30.57256831,30.43,30.42400094,30.41701612,30.40908823,30.4003026,30.39080377,30.38081634,30.37067008,30.36082941,30.35192751,30.34480594,30.34056116,30.34059835,30.34668679,30.36098878,30.38597274,30.4239519,30.47550017,30.53484041,30.58079219,30.34,30.2865,30.46225,30.59216667,38.88888889,39.72222222,26.4597017,38.88888889,32.83068783,33.70233534,38.88888889,30.65749863,34.11635793,38.88888889,42.30377668,33.25772336,0.21,-0.55,-0.6,22,41.42857143,27,25.38461538,873.1666667,1.454545455,0.772413793,1.185185185,1.260606061,0.036648215,0
30.25,30.3,30.19,30.3,346,0.11,0.05,75.6097561,29.80769231,32.91925466,50.42253521,45.61213434,30.35333333,30.26857143,30.4575,30.62269231,30.55566667,-0.001757083,0.001038324,-0.00517114,-0.010537686,-0.008367242,30.33166667,30.29892857,30.35833333,30.54082621,30.5637377,30.33,30.33470005,30.33870161,30.34186323,30.34406052,30.34520094,30.3452449,30.34423453,30.34233176,30.33986738,30.33740297,30.33580864,30.33635901,30.34084642,30.35169214,30.37197955,30.40516152,30.45367515,30.51435637,30.56825258,30.2725,30.306,30.40325,30.54716667,100,64.72222222,37.24206349,100,43.14814815,33.55622453,100,43.15749863,35.78925706,100,43.41488779,33.97835684,0.18,-0.54,-0.65,130.3333333,88.28571429,55.16666667,35.30769231,878.7,2.654731458,3.919093851,6.271903323,9.79956427,0.393763514,1
30.31,30.35,30.25,30.34,245,0.1,0.03,45.83333333,40.78947368,37.32394366,47.81341108,45.56277056,30.32333333,30.28,30.4275,30.60692308,30.53966667,0.000549632,0.001981506,-0.002875688,-0.008721003,-0.006537945,30.325,30.31678571,30.34025641,30.51988604,30.55666667,30.3,30.301735,30.30387016,30.30627949,30.3088121,30.31130024,30.31357347,30.31548208,30.31693271,30.31794032,30.31870149,30.31969475,30.32181541,30.32655017,30.3361845,30.35398466,30.38412922,30.43062387,30.49292073,30.55483995,30.32,30.3375,30.35125,30.5035,90,82.22222222,54.16666667,90,58.14814815,35.91011373,90,48.37301587,37.35978551,90,43.52599891,34.67628502,0.02,-0.41,-0.54,207.6666667,120.1428571,75.25,44.30769231,882.2833333,1.179775281,2.039239001,3.255813953,5.529513889,0.277688573,0
30.41,30.41,30.34,30.34,7,0.07,-0.07,23.52941176,56.4516129,37.32394366,43.53312303,44.72527473,30.32666667,30.31142857,30.3825,30.59692308,30.52833333,0.000439657,0.000942596,-0.001398832,-0.008397023,-0.006169132,30.33333333,30.33178571,30.32679487,30.50011396,30.55012022,30.34,30.33808675,30.33638702,30.33494192,30.33376242,30.33282506,30.33207204,30.33141873,30.33077308,30.33007314,30.32935074,30.32883211,30.32908924,30.33125761,30.33732915,30.3504885,30.37530337,30.41703029,30.47762866,30.54409795,30.3575,30.342,30.30975,30.46833333,0,57.22222222,60.97222222,0,58.14814815,40.73313872,0,43.61111111,38.03280651,0,43.52599891,36.37421319,-0.09,-0.1,-0.32,199.3333333,95.85714286,74.75,44.19230769,882.2666667,0.035117057,0.073025335,0.093645485,0.158398607,0.007934109,1
30.41,30.47,30.41,30.47,23,0.06,0.06,57.14285714,72.91666667,28.22580645,45.69536424,46.14512472,30.38333333,30.36142857,30.35166667,30.59769231,30.52,0.002852441,0.003575966,0.003898743,-0.004173266,-0.00163827,30.405,30.37142857,30.34025641,30.49071225,30.54820765,30.34,30.33990434,30.3396387,30.33924129,30.33875248,30.33820626,30.33762161,30.33699656,30.33630923,30.33553292,30.33467537,30.33385766,30.33345355,30.33431745,30.33813041,30.34786637,30.3682427,30.40547575,30.46386579,30.53389305,30.455,30.349,30.311,30.4485,100,72.5,69.16666667,100,71.48148148,49.69196619,100,56.11111111,40.91936918,100,48.6984127,38.3793514,0.14,0.21,-0.23,91.66666667,98.14285714,76.5,44.65384615,882.4666667,0.250909091,0.234352256,0.300653595,0.515073213,0.026063307,0
30.47,30.47,30.47,30.47,1,0,0,100,78.68852459,36.09022556,50.33333333,47.19101124,30.42666667,30.38285714,30.32833333,30.59076923,30.50933333,0.001424189,0.002868159,0.0046711,-0.003947898,-0.001289223,30.44833333,30.39857143,30.35846154,30.48125356,30.54656831,30.47,30.46349522,30.45696387,30.45038619,30.4437505,30.43705157,30.43028648,30.42344879,30.41652369,30.40948981,30.40233769,30.39512171,30.38807213,30.38180634,30.37769128,30.37839978,30.38859416,30.41515439,30.46447921,30.5306984,30.47,30.375,30.33075,30.43316667,100,72.5,71.11111111,100,71.48148148,55.87301587,100,68.61111111,45.36843186,100,54.88888889,40.62258484,0.17,0.35,-0.41,10.33333333,95.28571429,76,44.61538462,881.8166667,0.096774194,0.010494753,0.013157895,0.022413793,0.001134023,1
30.73,30.74,30.73,30.74,11,0.01,0.01,100,68.29268293,38.70967742,46.78571429,46.34703196,30.56,30.42714286,30.35333333,30.59038462,30.50566667,0.005890052,0.010282173,0.012738854,0.004890929,0.007681633,30.605,30.48785714,30.42179487,30.49230769,30.55413115,30.47,30.46967476,30.46869639,30.46705793,30.4647501,30.46176289,30.45808595,30.45370708,30.44860948,30.44277042,30.43616884,30.42881694,30.42084328,30.41267412,30.4053839,30.40129984,30.40487533,30.42338123,30.46503129,30.52766348,30.7375,30.468,30.387,30.42483333,100,75,69.30555556,100,81.66666667,64.01234568,100,78.61111111,50.75499453,100,64.88888889,43.86581828,0.4,0.62,-0.1,11.66666667,95,75.41666667,44.5,881.8666667,0.942857143,0.115789474,0.145856354,0.247191011,0.012473541,1
30.78,30.85,30.78,30.85,38,0.07,0.07,100,77.19298246,62.5,49.83164983,48.76126126,30.68666667,30.50142857,30.4025,30.58961538,30.5115,0.005322616,0.011428036,0.014719184,0.00851219,0.011094178,30.75,30.59357143,30.49820513,30.51153846,30.56542077,30.74,30.72648374,30.71286964,30.69905869,30.68495002,30.67044072,30.65542578,30.63979748,30.62344379,30.60624669,30.58808442,30.56884932,30.54850597,30.52723818,30.50576873,30.48597488,30.47190026,30.47087404,30.49252816,30.53828031,30.8325,30.5705,30.454,30.42433333,100,100,80,100,81.66666667,70.43209877,100,78.61111111,55.96794609,100,74.88888889,48.29655172,0.51,0.53,0.1,16.66666667,95.85714286,76.75,43.5,882.2666667,2.28,0.396423249,0.495114007,0.873563218,0.043070878,0
30.72,30.82,30.72,30.8,9,0.1,0.08,100,94.82758621,76.10619469,49.66216216,52.05158265,30.79666667,30.57285714,30.45916667,30.59884615,30.52833333,0.000108237,0.007429559,0.011189844,0.006573903,0.008898837,30.80666667,30.66821429,30.55935897,30.52712251,30.57487978,30.85,30.84382419,30.83628696,30.8273588,30.81699,30.80511018,30.79162774,30.77642912,30.75937752,30.74031101,30.71904221,30.69536713,30.66910358,30.64020482,30.60903811,30.57698116,30.54752021,30.52774294,30.52827535,30.55386629,30.785,30.656,30.499,30.42516667,80,95,85.625,80,80,74.07407407,80,83.75,62.60450876,80,80.88888889,53.54395183,0.33,0.37,0.36,19.33333333,47.71428571,62.75,43.11538462,858.05,0.465517241,0.188622754,0.143426295,0.208742194,0.010488899,0
30.73,30.82,30.73,30.8,116,0.09,0.07,88.37209302,91.66666667,82.69230769,54.44444444,56.41677255,30.81666667,30.63857143,30.51583333,30.59653846,30.54183333,-0.000540833,0.005268802,0.009312106,0.006649822,0.008452887,30.80833333,30.725,30.61179487,30.54202279,30.58378689,30.8,30.80219121,30.8036287,30.80410382,30.803398,30.80127755,30.79748832,30.79175019,30.78375101,30.77313995,30.75952111,30.74245192,30.72146215,30.69613313,30.66632668,30.63273587,30.59801617,30.5685815,30.55544781,30.56617298,30.7875,30.7225,30.53575,30.44816667,77.77777778,89.44444444,89.86111111,77.77777778,92.96296296,79.87654321,77.77777778,80.97222222,67.33134921,77.77777778,78.66666667,57.56912972,0.33,0.47,0.54,54.33333333,29.28571429,71.83333333,46.53846154,857.65,2.134969325,3.96097561,1.614849188,2.492561983,0.135253308,1
30.95,30.97,30.89,30.92,27,0.08,-0.03,68.75,91.07142857,82.69230769,48.75,55.28031291,30.84,30.72142857,30.56583333,30.59884615,30.5555,0.002594034,0.006463613,0.011587012,0.010495619,0.011929113,30.86,30.79535714,30.67397436,30.56598291,30.59618579,30.8,30.80010956,30.80036287,30.80061557,30.8006796,30.80031939,30.7992465,30.79711257,30.7935004,30.78791298,30.77976055,30.76834856,30.75287729,30.73248653,30.70642867,30.6745519,30.63841293,30.60329427,30.57990303,30.57786433,30.925,30.8135,30.59425,30.49166667,37.5,73.81944444,89.56597222,37.5,82.5462963,81.72067901,37.5,74.40972222,70.5859375,37.5,78.52777778,61.19152983,0.18,0.62,0.8,50.66666667,32.14285714,72.33333333,46.61538462,857.0833333,0.532894737,0.84,0.373271889,0.579207921,0.031502188,1
30.95,30.96,30.92,30.96,11,0.04,0.01,70.58823529,92.64705882,81.25,51.19047619,55.33854167,30.89333333,30.79142857,30.61,30.6,30.57383333,0.002157963,0.005474622,0.011434172,0.011764706,0.012630626,30.92,30.855,30.73461538,30.59273504,30.60944809,30.92,30.91400548,30.90803629,30.90209234,30.89613592,30.89007985,30.88377395,30.8769894,30.86940016,30.86056084,30.84988028,30.83659171,30.81972637,30.79811625,30.77050007,30.73591393,30.69473035,30.65080013,30.61391273,30.59497111,30.95,30.856,30.662,30.54333333,100,73.81944444,83.02083333,100,82.5462963,83.56481481,100,86.90972222,75.99826389,100,78.52777778,64.70281883,0.11,0.62,0.84,51.33333333,30.42857143,72.16666667,46.30769231,853.0666667,0.214285714,0.361502347,0.152424942,0.237541528,0.012894655,1
31.02,31.12,31.02,31.12,29,0.1,0.1,100,91.52542373,79.7752809,50.60240964,57.35294118,31,30.88428571,30.67583333,30.60730769,30.59283333,0.003870968,0.007632175,0.014479368,0.01675065,0.017231705,31.03333333,30.93714286,30.81307692,30.63125356,30.62735519,30.96,30.95770027,30.95480363,30.95131385,30.94722718,30.94251996,30.93713218,30.93094629,30.92376006,30.91525238,30.90494014,30.89212544,30.87583582,30.85477556,30.82735005,30.79193544,30.74778428,30.69718011,30.64852146,30.61322256,31.095,30.9085,30.7395,30.6055,100,78.81944444,78.97569444,100,82.5462963,83.71141975,100,86.90972222,79.84809028,100,79.52777778,68.30299672,0.32,0.78,0.8,22.33333333,34.42857143,71.91666667,47.26923077,853.0333333,1.298507463,0.842323651,0.403244496,0.613506916,0.033996327,0
31.13,31.15,31.1,31.1,32,0.05,-0.03,100,93.33333333,91.57894737,53.58490566,57.57978723,31.06,30.93571429,30.7425,30.61307692,30.60466667,0.00128783,0.005310552,0.011628853,0.015905722,0.016184896,31.08333333,30.99107143,30.87833333,30.66774929,30.64398361,31.12,31.11188501,31.10348036,31.09469708,31.08544544,31.07562999,31.06513966,31.0538312,31.04150403,31.02786357,31.01247007,30.99466899,30.97350149,30.94760411,30.91514504,30.87395158,30.82222742,30.7606031,30.69566931,30.63856143,31.1125,30.974,30.815,30.65733333,0,59.375,71.45833333,0,65.87962963,81.08024691,0,74.40972222,80.57291667,0,79.52777778,71.9031746,0.3,0.63,0.67,24,37.42857143,45.75,47.19230769,852.4666667,1.333333333,0.854961832,0.699453552,0.67807661,0.037538125,0
